<application>
  <component name="CodeFoldingSettings">
    <option name="COLLAPSE_IMPORTS" value="false" />
    <option name="COLLAPSE_FILE_HEADER" value="false" />
  </component>
  <component name="CodeInsightSettings">
    <option name="completionCaseSensitive" value="2" />
    <option name="selectAutopopupSuggestionsByChars" value="true" />
    <option name="AUTO_POPUP_JAVADOC_INFO" value="true" />
    <option name="COMPLETION_CASE_SENSITIVE" value="2" />
    <option name="SELECT_AUTOPOPUP_SUGGESTIONS_BY_CHARS" value="true" />
    <option name="AUTOCOMPLETE_ON_CODE_COMPLETION" value="false" />
    <option name="INSERT_BRACE_ON_ENTER" value="false" />
  </component>
  <component name="CodeVisionSettings">
    <option name="codeVisionGroupToPosition">
      <map>
        <entry key="Burst compiled code" value="Right" />
        <entry key="Covering tests" value="Right" />
        <entry key="Derived symbols" value="Right" />
        <entry key="Exposing API" value="Right" />
        <entry key="Extension methods" value="Right" />
        <entry key="F# Inferred types" value="Right" />
        <entry key="IL code" value="Right" />
        <entry key="Rename refactoring" value="Right" />
        <entry key="Unity implicit usage" value="Right" />
        <entry key="Unity inactive shader variant branch" value="Right" />
        <entry key="Usages" value="Right" />
        <entry key="VcsAuthorCodeLensProvider" value="Right" />
        <entry key="derived blueprint class" value="Right" />
        <entry key="vcs.code.vision" value="Right" />
      </map>
    </option>
    <option name="disabledCodeVisionProviderIds">
      <set>
        <option value="Burst compiled code" />
        <option value="F# Inferred types" />
        <option value="Sourcery" />
        <option value="Unity implicit usage" />
        <option value="Unity serialized field" />
        <option value="VcsAuthorCodeLensProvider" />
        <option value="derived blueprint class" />
        <option value="vcs.code.vision" />
      </set>
    </option>
  </component>
  <component name="EditorSettings">
    <option name="STRIP_TRAILING_SPACES" value="None" />
    <option name="SHOW_STICKY_LINES" value="false" />
    <option name="IS_WHEEL_FONTCHANGE_ENABLED" value="true" />
    <option name="IS_WHEEL_FONTCHANGE_PERSISTENT" value="true" />
  </component>
  <component name="InlineCompletionOnboarding">
    <option name="onboardingFinished" value="true" />
  </component>
  <component name="JSEditorOptions">
    <option name="AUTOMATICALLY_REPLACE_WITH_TEMPLATE_STRING_ON_TYPING" value="false" />
    <option name="ESCAPE_PASTED_TEXT" value="false" />
    <option name="ESCAPE_DOC_ON_COPY_PASTE" value="false" />
  </component>
  <component name="JsonEditorOptions">
    <option name="COMMA_ON_ENTER" value="false" />
    <option name="COMMA_ON_MATCHING_BRACES" value="false" />
    <option name="COMMA_ON_PASTE" value="false" />
    <option name="AUTO_QUOTE_PROP_NAME" value="false" />
    <option name="AUTO_WHITESPACE_AFTER_COLON" value="false" />
    <option name="ESCAPE_PASTED_TEXT" value="false" />
  </component>
  <component name="TodoConfiguration">
    <pattern pattern="\bNotImplementedException\b" />
    <pattern case-sensitive="true" pattern="(?&lt;=\W|^)(?&lt;TAG&gt;BUG:)(\W|$)(.*)" />
    <pattern icon="default" pattern="(?&lt;=\W|^)(?&lt;TAG&gt;TODO)(\W|$)(.*)" />
  </component>
</application>