<application>
  <component name="GeneralSettings">
    <option name="showTipsOnStartup" value="false" />
    <option name="reopenLastProject" value="false" />
    <option name="confirmExit" value="false" />
    <option name="confirmOpenNewProject2" value="0" />
  </component>
  <component name="Registry">
    <entry key="ide.experimental.ui" value="true" />
    <entry key="i18n.locale" value="" />
    <entry key="llm.generate.commit.summary" value="true" />
    <entry key="markdown.open.vcs.log.link" value="true" />
  </component>
</application>