<application>
  <component name="ProjectManager">
    <defaultProject>
      <component name="Encoding" addBOMForNewFiles="with BOM under Windows, with no BOM otherwise" />
      <component name="PropertiesComponent">{
  &quot;keyToString&quot;: {
    &quot;settings.editor.selected.configurable&quot;: &quot;preferences.general&quot;
  }
}</component>
      <component name="VcsDirectoryMappings" defaultProject="true" />
      <component name="WindowStateProjectService">
        <state x="225" y="0" key="Rider.NewProjectDialog.Size" timestamp="1733596911354">
          <screen x="0" y="0" width="1366" height="720" />
        </state>
        <state x="225" y="0" key="Rider.NewProjectDialog.Size/0.0.1366.720" timestamp="1733596911354" />
        <state x="184" y="0" key="SettingsEditor" timestamp="1733506917536">
          <screen x="0" y="0" width="1366" height="720" />
        </state>
        <state x="184" y="0" key="SettingsEditor/0.0.1366.720" timestamp="1733506917536" />
      </component>
    </defaultProject>
  </component>
</application>