<application>
  <component name="SettingsSyncSettings">
    <option name="disabledSubcategories">
      <map>
        <entry key="PLUGINS">
          <value>
            <list>
              <option value="atom-one" />
              <option value="com.samdark.intellij-visual-studio-code-dark-plus" />
            </list>
          </value>
        </entry>
      </map>
    </option>
    <option name="migrationFromOldStorageChecked" value="true" />
    <option name="syncEnabled" value="true" />
  </component>
</application>