<application>
  <component name="Trusted.Paths">
    <option name="TRUSTED_PROJECT_PATHS">
      <map>
        <entry key="C:\Development\Engines_and_Frameworks\DotGLFW-master\DotGLFW-master" value="true" />
        <entry key="C:\Development\Engines_and_Frameworks\DotGLFW-master\DotGLFW-master\.idea\.idea.DotGLFW" value="true" />
        <entry key="C:\Development\Engines_and_Frameworks\SharpGDX-main\SharpGDX-main" value="true" />
        <entry key="C:\Development\Projects\CSharp\Archive\LughSharp" value="true" />
        <entry key="C:\Development\Projects\CSharp\Archive\LughSharp\.idea\.idea.LughSharp" value="true" />
        <entry key="C:\Development\Projects\CSharp\ClassLibrary1" value="true" />
        <entry key="C:\Development\Projects\CSharp\ClassLibrary1\.idea\.idea.ClassLibrary1" value="true" />
        <entry key="C:\Development\Projects\CSharp\ConsoleApp1" value="true" />
        <entry key="C:\Development\Projects\CSharp\ConsoleApp1\.idea\.idea.ConsoleApp1" value="true" />
        <entry key="C:\Development\Projects\CSharp\DungeonQuest" value="true" />
        <entry key="C:\Development\Projects\CSharp\DungeonQuest\.idea\.idea.DungeonQuest" value="true" />
        <entry key="C:\Development\Projects\CSharp\Gauntlet" value="true" />
        <entry key="C:\Development\Projects\CSharp\Gauntlet\.idea\.idea.Gauntlet" value="true" />
        <entry key="C:\Development\Projects\CSharp\LughCore" value="true" />
        <entry key="C:\Development\Projects\CSharp\LughCore\.idea\.idea.LughSharp" value="true" />
        <entry key="C:\Development\Projects\CSharp\LughMaths" value="true" />
        <entry key="C:\Development\Projects\CSharp\LughMaths\.idea\.idea.LughMaths" value="true" />
        <entry key="C:\Development\Projects\CSharp\LughSharp" value="true" />
        <entry key="C:\Development\Projects\CSharp\LughSharp Backup 08122024" value="true" />
        <entry key="C:\Development\Projects\CSharp\LughSharp Backup 08122024\.idea\.idea.LughSharp" value="true" />
        <entry key="C:\Development\Projects\CSharp\LughSharpFramework" value="true" />
        <entry key="C:\Development\Projects\CSharp\LughSharpFrameworkOpenTK" value="true" />
        <entry key="C:\Development\Projects\CSharp\LughSharpFrameworkOpenTK\.idea\.idea.LughSharpFrameworkOpenTK" value="true" />
        <entry key="C:\Development\Projects\CSharp\LughSharpFramework\.idea\.idea.LughSharpFramework" value="true" />
        <entry key="C:\Development\Projects\CSharp\LughSharpOpenTK" value="true" />
        <entry key="C:\Development\Projects\CSharp\LughSharpOpenTK\.idea\.idea.LughSharpOpenTK" value="true" />
        <entry key="C:\Development\Projects\CSharp\LughSharpSilkNet" value="true" />
        <entry key="C:\Development\Projects\CSharp\LughSharpSilkNet\.idea\.idea.LughSharpSilkNet" value="true" />
        <entry key="C:\Development\Projects\CSharp\LughSharp\.idea\.idea.LughSharp" value="true" />
        <entry key="C:\Development\Projects\CSharp\LughSharp\.idea\.idea.LughSharpFramework" value="true" />
        <entry key="C:\Development\Projects\Frameworks\LughSharpFramework" value="true" />
        <entry key="C:\Development\Projects\Frameworks\LughSharpFramework\.idea\.idea.LughSharpFramework" value="true" />
        <entry key="C:\Development\Projects\Frameworks\LughSharpFramework_OpenTK_Test" value="true" />
        <entry key="C:\Development\Projects\Frameworks\LughSharpFramework_OpenTK_Test\.idea\.idea.LSOpenTK" value="true" />
        <entry key="C:\Development\Projects\Frameworks\LughSharpOpenTK" value="true" />
        <entry key="C:\Development\Projects\Frameworks\LughSharpSDL2" value="true" />
        <entry key="C:\Development\Projects\Frameworks\LughSharpSDL2\.idea\.idea.LughSharpSDL2" value="true" />
        <entry key="C:\Development\Projects\Frameworks\LughSharp_OpenTK" value="true" />
        <entry key="C:\Development\Projects\Frameworks\LughSharp_OpenTK\.idea\.idea.LughSharp" value="true" />
        <entry key="C:\Development\Tools\monodevelop-7.8.4.1\monodevelop-7.8" value="true" />
      </map>
    </option>
  </component>
</application>