<application>
  <component name="DimensionService">
    <location key="find.popup.0.0.1366.768" x="82" y="12" />
    <size key="GridCell.Tab.0.left.0.0.1366.768" width="1300" height="455" />
    <size key="GridCell.Tab.0.center.0.0.1366.768" width="1300" height="455" />
    <size key="GridCell.Tab.0.right.0.0.1366.768" width="1300" height="455" />
    <size key="GridCell.Tab.0.bottom.0.0.1366.768" width="1300" height="455" />
    <size key="find.popup.0.0.1366.768" width="1277" height="698" />
    <size key="GridCell.Tab.1.left.0.0.1366.768" width="1300" height="315" />
    <size key="GridCell.Tab.1.center.0.0.1366.768" width="1300" height="315" />
    <size key="GridCell.Tab.1.right.0.0.1366.768" width="1300" height="315" />
    <size key="GridCell.Tab.1.bottom.0.0.1366.768" width="1300" height="315" />
    <size key="GridCell.Tab.2.left.0.0.1366.768" width="1300" height="315" />
    <size key="GridCell.Tab.2.center.0.0.1366.768" width="1300" height="315" />
    <size key="GridCell.Tab.2.right.0.0.1366.768" width="1300" height="315" />
    <size key="GridCell.Tab.2.bottom.0.0.1366.768" width="1300" height="315" />
    <size key="GridCell.Tab.3.left.0.0.1366.768" width="1300" height="315" />
    <size key="GridCell.Tab.3.center.0.0.1366.768" width="1300" height="315" />
    <size key="GridCell.Tab.3.right.0.0.1366.768" width="1300" height="315" />
    <size key="GridCell.Tab.3.bottom.0.0.1366.768" width="1300" height="315" />
    <size key="GridCell.Tab.4.left.0.0.1366.768" width="1300" height="315" />
    <size key="GridCell.Tab.4.center.0.0.1366.768" width="1300" height="315" />
    <size key="GridCell.Tab.4.right.0.0.1366.768" width="1300" height="315" />
    <size key="GridCell.Tab.4.bottom.0.0.1366.768" width="1300" height="315" />
    <size key="GridCell.Tab.5.left.0.0.1366.768" width="1300" height="315" />
    <size key="GridCell.Tab.5.center.0.0.1366.768" width="1300" height="315" />
    <size key="GridCell.Tab.5.right.0.0.1366.768" width="1300" height="315" />
    <size key="GridCell.Tab.5.bottom.0.0.1366.768" width="1300" height="315" />
    <size key="GridCell.Tab.6.left.0.0.1366.768" width="1300" height="315" />
    <size key="GridCell.Tab.6.center.0.0.1366.768" width="1300" height="315" />
    <size key="GridCell.Tab.6.right.0.0.1366.768" width="1300" height="315" />
    <size key="GridCell.Tab.6.bottom.0.0.1366.768" width="1300" height="315" />
  </component>
  <component name="WindowManager">
    <frame x="-8" y="-8" width="1376" height="730" extendedState="6" />
  </component>
  <component name="WindowStateApplicationService">
    <state x="400" y="214" key="APPLICATION_WIDE_STORE_#rider.projectView.actions.properties.EditPropertiesDialogFile" timestamp="1737048733782">
      <screen x="0" y="0" width="1366" height="720" />
    </state>
    <state x="400" y="214" key="APPLICATION_WIDE_STORE_#rider.projectView.actions.properties.EditPropertiesDialogFile/0.0.1366.720" timestamp="1737048733782" />
    <state x="400" y="214" key="APPLICATION_WIDE_STORE_#rider.projectView.actions.properties.EditPropertiesDialogFolder" timestamp="1736883782844">
      <screen x="0" y="0" width="1366" height="720" />
    </state>
    <state x="400" y="214" key="APPLICATION_WIDE_STORE_#rider.projectView.actions.properties.EditPropertiesDialogFolder/0.0.1366.720" timestamp="1736883782844" />
    <state x="58" y="70" width="1166" height="569" key="APPLICATION_WIDE_STORE_#rider.projectView.actions.properties.EditPropertiesDialogProject" timestamp="1735842036912">
      <screen x="0" y="0" width="1366" height="720" />
    </state>
    <state x="58" y="70" width="1166" height="569" key="APPLICATION_WIDE_STORE_#rider.projectView.actions.properties.EditPropertiesDialogProject/0.0.1366.720" timestamp="1735842036912" />
    <state x="350" y="164" key="APPLICATION_WIDE_STORE_#rider.projectView.actions.properties.EditPropertiesDialogSolution" timestamp="1735838653945">
      <screen x="0" y="0" width="1366" height="720" />
    </state>
    <state x="350" y="164" key="APPLICATION_WIDE_STORE_#rider.projectView.actions.properties.EditPropertiesDialogSolution/0.0.1366.720" timestamp="1735838653945" />
    <state width="672" height="164" key="ShowUsagesActions.dimensionServiceKey" timestamp="1737064009051">
      <screen x="0" y="0" width="1366" height="720" />
    </state>
    <state width="672" height="164" key="ShowUsagesActions.dimensionServiceKey/0.0.1366.720" timestamp="1737064009051" />
    <state x="683" y="348" width="800" height="650" key="WELCOME_SCREEN" timestamp="1737067638793">
      <screen x="0" y="0" width="1366" height="720" />
    </state>
    <state x="683" y="348" width="800" height="650" key="WELCOME_SCREEN/0.0.1366.720" timestamp="1737067638793" />
    <state width="300" height="518" key="manage.recent.projects.popup" timestamp="1733861599689">
      <screen x="0" y="0" width="1366" height="720" />
    </state>
    <state width="300" height="518" key="manage.recent.projects.popup/0.0.1366.720" timestamp="1733861599689" />
  </component>
</application>